{
  "version": 1,
  "author": "jeya surya",
  "editor": "wokwi",
  "parts": [
    { "type": "wokwi-esp32-devkit-v1", "id": "esp", "top": -62.5, "left": 331, "attrs": {} },
    { "type": "wokwi-hc-sr04", "id": "ultrasonic1", "top": -171.3, "left": -23.3, "attrs": {} },
    { "type": "wokwi-hc-sr04", "id": "ultrasonic2", "top": -171.3, "left": 159.1, "attrs": {} },
    { "type": "wokwi-led", "id": "led1", "top": 159.6, "left": 263, "attrs": { "color": "red" } },
    { "type": "wokwi-lcd1602", "id": "lcd1", "top": -246.17, "left": 486.4, "attrs": {} },
    { "type": "wokwi-vcc", "id": "vcc1", "top": -76.04, "left": 729.6, "attrs": {} },
    { "type": "wokwi-gnd", "id": "gnd1", "top": 9.6, "left": 690.6, "attrs": {} }
  ],
  "connections": [
    [ "esp:TX0", "$serialMonitor:RX", "", [] ],
    [ "esp:RX0", "$serialMonitor:TX", "", [] ],
    [ "esp:GND.2", "ultrasonic2:GND", "black", [ "h0" ] ],
    [ "esp:GND.2", "ultrasonic1:GND", "black", [ "h-19.2", "v47.9", "h-230.4" ] ],
    [ "esp:GND.1", "led1:C", "black", [ "h18.9", "v143.9", "h-172.8" ] ],
    [ "esp:D12", "ultrasonic2:ECHO", "green", [ "h0" ] ],
    [ "esp:D13", "ultrasonic2:TRIG", "green", [ "h0" ] ],
    [ "esp:D14", "ultrasonic1:ECHO", "green", [ "h-38.4", "v67.3", "h-230.4" ] ],
    [ "esp:D22", "led1:A", "green", [ "h38.1", "v239.7" ] ],
    [ "esp:VIN", "ultrasonic2:VCC", "red", [ "h-105.6", "v-48" ] ],
    [ "esp:VIN", "ultrasonic1:VCC", "red", [ "h-288", "v-28.8" ] ],
    [ "esp:D15", "ultrasonic1:TRIG", "green", [ "h66.9", "v86.2", "h-441.6" ] ],
    [ "lcd1:VSS", "esp:GND.1", "green", [ "v0" ] ],
    [ "lcd1:VDD", "esp:3V3", "green", [ "v0" ] ],
    [ "lcd1:RS", "esp:D19", "green", [ "v0" ] ],
    [ "lcd1:RW", "esp:GND.2", "green", [ "v297.6", "h-249.7", "v-96" ] ],
    [ "lcd1:E", "esp:D23", "green", [ "v0" ] ],
    [ "lcd1:D4", "esp:D18", "green", [ "v0" ] ],
    [ "lcd1:D5", "esp:TX2", "green", [ "v0" ] ],
    [ "lcd1:D6", "esp:RX2", "green", [ "v0" ] ],
    [ "lcd1:D7", "esp:D15", "green", [ "v0" ] ],
    [ "vcc1:VCC", "lcd1:A", "red", [ "v28.8", "h-86.4" ] ],
    [ "gnd1:GND", "lcd1:K", "black", [ "v-67.2", "h-28.8" ] ]
  ],
  "dependencies": {}
}